<BAAS_CUSTOMERMANAGEMENT_MS_CREATECUSTOMER>
	<ACCTINFO>
		<ACCOUNT_NO>ABCD000010</ACCOUNT_NO>
		<PARENT_ACCOUNT_NO></PARENT_ACCOUNT_NO>
		<BUSINESS_TYPE>1</BUSINESS_TYPE>
		<CURRENCY>840</CURRENCY>
		<CUSTOMER_SEGMENT></CUSTOMER_SEGMENT>
	</ACCTINFO>
	<REQUEST_DATE>2019-06-26T09:36:48Z</REQUEST_DATE>
	<BILLINFO>
		<BILLINFO_ID>2-5FKHP3L</BILLINFO_ID>
		<BILLING_DOM>1</BILLING_DOM>
		<BILLING_FREQUENCY>1</BILLING_FREQUENCY>
		<CURRENCY>840</CURRENCY>
		<PAY_TYPE>10001</PAY_TYPE>
		<INV_TYPE>0</INV_TYPE>
		<PAYMENT_TERM></PAYMENT_TERM>
		<BILLING_ADDRESS>
			<ADDRESS>NABBAVÄGEN 28</ADDRESS>
			<CITY>ARILD</CITY>
			<COUNTRY>Sweden</COUNTRY>
			<DELIVERY_PREFER>1</DELIVERY_PREFER>
			<NAME>Johan Ny</NAME>
			<STATE>SNDL</STATE>
			<ZIP>90001</ZIP>
			<NAME_CARE_OF>C/o sample</NAME_CARE_OF>
			<REFERENCE_ID>Ref. sampletest890</REFERENCE_ID>
			<ATTENTION_INFO>Att.test</ATTENTION_INFO>
		</BILLING_ADDRESS>
	</BILLINFO>
	<CUSTOMER_INFO>
		<CUSTOMER_ID></CUSTOMER_ID>
		<ORGANIZATION_ID></ORGANIZATION_ID>
		<TSCID></TSCID>
		<EMAIL_ADDR></EMAIL_ADDR>
		<PHONE></PHONE>
		<PROPERTY_ID></PROPERTY_ID>
		<KO_ACCT_TYPE></KO_ACCT_TYPE>
		<FLD_BUSINESS_SEGMENT></FLD_BUSINESS_SEGMENT>
	</CUSTOMER_INFO>
</BAAS_CUSTOMERMANAGEMENT_MS_CREATECUSTOMER>