<PCM_OP_CUST_MODIFY_CUSTOMER_inputFlist>
	<ACCOUNT_OBJ>0.0.0.1 /account 30635 0</ACCOUNT_OBJ>
	<BAL_INFO elem="0">
		<POID>0.0.0.1 /balance_group -1 0</POID>
		<NAME>Service Balance Group</NAME>
		<BILLINFO_OBJ>0.0.0.1 /billinfo 30827 5</BILLINFO_OBJ>
	</BAL_INFO>
	<SERVICES elem="0">
		<DEAL_OBJ>0.0.0.1 /deal 59358 0</DEAL_OBJ>
		<ALIAS_LIST elem="0">
			<NAME>baas_bb_4</NAME>
		</ALIAS_LIST>
		<LOGIN>baasbrodband4</LOGIN>
		<SERVICE_OBJ>0.0.0.1 /service/broadband -1 0</SERVICE_OBJ>
		<BAL_INFO elem="0" />
	</SERVICES>
	<POID>0.0.0.1 /plan -1 0</POID>
</PCM_OP_CUST_MODIFY_CUSTOMER_inputFlist>