<soapenv:Envelope
	xmlns:soapenv="http://schemas.xmlsoap.org/soap/envelope/"
	xmlns:bus="http://xmlns.oracle.com/BRM/schemas/BusinessOpcodes">
	<soapenv:Header />
	<soapenv:Body>
		<bus:pcmOpCustModifyCustomerRequest>
			<bus:PCM_OP_CUST_MODIFY_CUSTOMER_Request>
				<bus:flags>0</bus:flags>
				<bus:PCM_OP_CUST_MODIFY_CUSTOMER_inputFlist>
					<bus:ACCOUNT_OBJ>0.0.0.1 /account HHHH 0</bus:ACCOUNT_OBJ>
					<bus:BAL_INFO elem="0">
						<bus:POID>0.0.0.1 /balance_group -1 0</bus:POID>
						<bus:NAME>Service Balance Group</bus:NAME>
						<bus:BILLINFO_OBJ>0.0.0.1 /billinfo HHHH 5</bus:BILLINFO_OBJ>
					</bus:BAL_INFO>
					<bus:SERVICES elem="0">
						<bus:DEAL_OBJ>0.0.0.1 /deal HHHH 0</bus:DEAL_OBJ>
						<bus:ALIAS_LIST elem="0">
							<bus:NAME>baas_bb_4</bus:NAME>
						</bus:ALIAS_LIST>
						<bus:LOGIN>baasbrodband4</bus:LOGIN>
						<bus:SERVICE_OBJ>0.0.0.1 /service/broadband -1 0</bus:SERVICE_OBJ>
						<bus:BAL_INFO elem="0" />
					</bus:SERVICES>
					<bus:POID>0.0.0.1 /plan -1 0</bus:POID>
				</bus:PCM_OP_CUST_MODIFY_CUSTOMER_inputFlist>
			</bus:PCM_OP_CUST_MODIFY_CUSTOMER_Request>
		</bus:pcmOpCustModifyCustomerRequest>
	</soapenv:Body>
</soapenv:Envelope>