<soapenv:Envelope xmlns:soapenv="http://schemas.xmlsoap.org/soap/envelope/" xmlns:bus="http://xmlns.oracle.com/BRM/schemas/BusinessOpcodes">
   <soapenv:Header/>
   <soapenv:Body>
      <bus:pcmOpCustFindPayinfoRequest>
         <bus:PCM_OP_CUST_FIND_PAYINFO_Request>
            <bus:flags>0</bus:flags>
            <bus:PCM_OP_CUST_FIND_PAYINFO_inputFlist>
               <bus:ACCOUNT_OBJ>0.0.0.1 /account HHHH 0</bus:ACCOUNT_OBJ>
               <bus:POID>0.0.0.1 /payinfo 0 0</bus:POID>
               <bus:RESULTS elem="0">
                  <bus:CC_INFO elem="0" />
               </bus:RESULTS>
               <bus:TYPE_STR>/payinfo/invoice</bus:TYPE_STR>
            </bus:PCM_OP_CUST_FIND_PAYINFO_inputFlist>
         </bus:PCM_OP_CUST_FIND_PAYINFO_Request>
      </bus:pcmOpCustFindPayinfoRequest>
   </soapenv:Body>
</soapenv:Envelope>