<soapenv:Envelope xmlns:soapenv="http://schemas.xmlsoap.org/soap/envelope/" xmlns:bus="http://xmlns.oracle.com/BRM/schemas/BusinessOpcodes">
   <soapenv:Header/>
   <soapenv:Body>
      <bus:pcmOpCustUpdateCustomerRequest>
         <bus:PCM_OP_CUST_UPDATE_CUSTOMER_Request>
            <bus:flags>0</bus:flags>
            <bus:PCM_OP_CUST_UPDATE_CUSTOMER_inputFlist>
               <bus:ACCOUNT_OBJ>0.0.0.1 /account 324664 0</bus:ACCOUNT_OBJ>
               <bus:NAMEINFO elem="1">
                  <bus:ADDRESS>123 Main St</bus:ADDRESS>
                  <bus:CITY>Los Angeles</bus:CITY>
                  <bus:EMAIL_ADDR>user@example.com</bus:EMAIL_ADDR>
                  <bus:FIRST_NAME>Susan</bus:FIRST_NAME>
                  <bus:LAST_NAME>Smith</bus:LAST_NAME>
                  <bus:MIDDLE_NAME>Jean</bus:MIDDLE_NAME>
                  <bus:STATE>CA</bus:STATE>
                  <bus:ZIP>95127</bus:ZIP>
               </bus:NAMEINFO>
               <bus:POID>0.0.0.1 /account 324664 0</bus:POID>
               <bus:PROGRAM_NAME>SoapWebServices</bus:PROGRAM_NAME>
            </bus:PCM_OP_CUST_UPDATE_CUSTOMER_inputFlist>
         </bus:PCM_OP_CUST_UPDATE_CUSTOMER_Request>
      </bus:pcmOpCustUpdateCustomerRequest>
   </soapenv:Body>
</soapenv:Envelope>