<soapenv:Envelope xmlns:soapenv="http://schemas.xmlsoap.org/soap/envelope/" xmlns:bus="http://xmlns.oracle.com/BRM/schemas/BusinessOpcodes">
   <soapenv:Header/>
   <soapenv:Body>
      <bus:pcmOpCustFindRequest>
         <bus:flags>0</bus:flags>
         <bus:PCM_OP_CUST_FIND_inputFlist>
            <bus:ARGS elem="0">
               <bus:ACCOUNT_NO>TEST_ACC</bus:ACCOUNT_NO>
            </bus:ARGS>
            <bus:POID>0.0.0.1 /account -1 0</bus:POID>
            <bus:RESULTS elem="0" />
         </bus:PCM_OP_CUST_FIND_inputFlist>
      </bus:pcmOpCustFindRequest>
   </soapenv:Body>
</soapenv:Envelope>