<bus:PCM_OP_CUST_COMMIT_CUSTOMER_inputFlist xmlns:bus="http://xmlns.oracle.com/BRM/schemas/BusinessOpcodes">
<bus:ACCTINFO elem="0">
		<bus:ACCOUNT_NO>ABCD000010</bus:ACCOUNT_NO>
		<bus:BUSINESS_TYPE>1</bus:BUSINESS_TYPE>
		<bus:CURRENCY>840</bus:CURRENCY>
		<bus:BAL_INFO elem="0" />
		<bus:POID>0.0.0.1 /account -1 0</bus:POID>
	</bus:ACCTINFO>
	<bus:BAL_INFO elem="0">
		<bus:NAME>Account Level Balance Group</bus:NAME>
		<bus:POID>0.0.0.1 /balance_group -1 0</bus:POID>
		<bus:BILLINFO elem="0" />
	</bus:BAL_INFO>
	<bus:BILLINFO elem="0">
		<bus:ACTG_CYCLE_DOM>1</bus:ACTG_CYCLE_DOM>
		<bus:BILL_WHEN>1</bus:BILL_WHEN>
		<bus:BILLINFO_ID>2-4FKHP3L</bus:BILLINFO_ID>
		<bus:BAL_INFO elem="0" />
		<bus:CURRENCY>840</bus:CURRENCY>
		<bus:PAY_TYPE>10001</bus:PAY_TYPE>
		<bus:PAYINFO elem="0" />
		<bus:POID>0.0.0.1 /billinfo -1 0</bus:POID>
	</bus:BILLINFO>
	<bus:END_T>2019-06-24T09:36:48Z</bus:END_T>
	<bus:FLAGS>0</bus:FLAGS>
	<bus:LOCALES elem="1">
                  <bus:LOCALE>en_US</bus:LOCALE>
    </bus:LOCALES>
	<bus:NAMEINFO elem="1">
		<bus:ADDRESS>123 Hollywood Boulevard</bus:ADDRESS>
		<bus:CITY>Los Angeles</bus:CITY>
		<bus:CONTACT_TYPE>Account holder</bus:CONTACT_TYPE>
		<bus:COUNTRY>USA</bus:COUNTRY>
		<bus:EMAIL_ADDR>user@example.com</bus:EMAIL_ADDR>
		<bus:FIRST_NAME>John</bus:FIRST_NAME>
		<bus:LAST_NAME>Smith</bus:LAST_NAME>
		<bus:STATE>NJ</bus:STATE>
		<bus:ZIP>90001</bus:ZIP>
	</bus:NAMEINFO>
	<bus:PAYINFO elem="0">
		<bus:INHERITED_INFO>
			<bus:INV_INFO elem="0">
				<bus:ADDRESS>123 Hollywood Boulevard</bus:ADDRESS>
				<bus:CITY>Los Angeles</bus:CITY>
				<bus:COUNTRY>USA</bus:COUNTRY>
				<bus:DELIVERY_DESCR>test_001</bus:DELIVERY_DESCR>
				<bus:DELIVERY_PREFER>0</bus:DELIVERY_PREFER>
				<bus:EMAIL_ADDR />
				<bus:INV_TERMS>0</bus:INV_TERMS>
				<bus:NAME>John James Smith</bus:NAME>
				<bus:STATE>NJ</bus:STATE>
				<bus:ZIP>90001</bus:ZIP>
			</bus:INV_INFO>
		</bus:INHERITED_INFO>
		<bus:INV_TYPE>0</bus:INV_TYPE>
		<bus:PAY_TYPE>10001</bus:PAY_TYPE>
		<bus:POID>0.0.0.1 /payinfo/invoice -1 0</bus:POID>
	</bus:PAYINFO>
	<bus:POID>0.0.0.1 /plan -1 0</bus:POID>
</bus:PCM_OP_CUST_COMMIT_CUSTOMER_inputFlist>